id,age,eyeColor,name,active,phone,address,about,registered,latitude,longitude
752ded7b-023d-4b56-aed0-a7e33a9e4ba6,22,blue,Shields Tyson,false,+1 (984) 428-2234,"304 Hooper Street, Katonah, Delaware, 4363",Aute do ipsum labore et cillum dolore. Veniam sit commodo mollit officia cillum adipisicing deserunt veniam pariatur occaecat pariatur excepteur. Pariatur dolor eiusmod tempor consequat aute proident qui culpa. Laborum culpa consequat laborum deserunt sit qui in sit mollit ad commodo eu.,Sat Oct 19 2019 23:01:59 GMT+0000 (UTC),-1.335329,-157.500918
9dcc945d-984c-4ae2-a877-caa80f404d98,27,brown,Meadows Stuart,true,+1 (897) 573-3507,"950 Agate Court, Rehrersburg, South Carolina, 6606",Aliquip duis commodo anim nostrud eiusmod ex Lorem proident irure elit tempor. Irure proident proident non sit ut laboris cupidatat. Aute aliquip fugiat ad amet amet. Duis eu eu veniam aute amet esse sunt Lorem reprehenderit.,Sun Feb 19 2017 20:28:22 GMT+0000 (UTC),81.75426,-172.219821
f281543f-fc76-4359-a8df-cb76134d5414,20,brown,Thomas Rodriguez,false,+1 (988) 501-2225,"217 Bowne Street, Cucumber, Maryland, 6990",Nostrud nostrud tempor proident veniam. Ipsum voluptate deserunt dolor nostrud veniam consequat in eiusmod aute aliqua. Laboris dolore tempor sit amet dolore nostrud laborum proident anim in. Quis reprehenderit sit est exercitation. Nisi aute incididunt et nulla excepteur. Nostrud aliquip eiusmod sint sit ex anim magna ut occaecat aute nulla. Laborum officia dolore dolor deserunt id ipsum enim irure duis consectetur.,Wed Feb 13 2019 10:37:50 GMT+0000 (UTC),-58.145344,-103.574349
77dce129-fc4a-4dfb-a806-fe53c421aff3,21,blue,Branch Alston,false,+1 (897) 488-2256,"300 Cypress Avenue, Tivoli, Maine, 3732",Laborum est incididunt et officia nisi ipsum ullamco cupidatat ipsum pariatur nulla irure. Irure sint pariatur labore minim. Eu sint ullamco id commodo dolor dolore eiusmod tempor anim et reprehenderit nisi.,Fri Oct 16 2015 13:29:11 GMT+0000 (UTC),23.603588,-139.553866
77f7b86d-0aeb-464f-97f0-b392debf4eef,32,green,Brandie Mcfarland,false,+1 (877) 515-3324,"841 Garnet Street, Bowmansville, Arkansas, 8857",Aliquip ex sunt eu aliqua fugiat est. Elit est ex dolore esse. Id dolore adipisicing aliqua magna. Magna deserunt commodo do est ex occaecat do esse excepteur enim laborum cupidatat exercitation exercitation. Veniam voluptate in sit in ad nostrud id aute anim cupidatat reprehenderit adipisicing aliqua.,Sat May 27 2017 13:04:24 GMT+0000 (UTC),-63.73417,-23.313226
20cd1ff1-fa3e-4934-a3da-3d0b38966e62,29,brown,Gwen Grant,true,+1 (904) 533-3893,"835 Gerry Street, Wheaton, North Carolina, 6037",Consequat nisi dolore laboris do amet. Ad occaecat eu duis cupidatat ad nostrud enim irure nulla proident consectetur id in elit. Adipisicing Lorem laboris cupidatat id Lorem ullamco elit ut consectetur nisi dolor culpa exercitation reprehenderit. Dolore culpa quis aliqua nisi occaecat aliqua.,Mon Apr 02 2018 17:17:27 GMT+0000 (UTC),-88.801943,-32.919675
15fe9715-2de5-46c4-a6e0-3fecf53b8903,24,green,Gomez Salas,false,+1 (994) 506-2790,"353 Coleridge Street, Maxville, Colorado, 3303",Officia laborum irure exercitation nisi dolor ea. Irure dolore cillum quis et nisi officia aliqua fugiat ullamco ad et aliquip. Id id sit ullamco qui ex. Id commodo veniam eiusmod do proident Lorem do. Ut labore commodo incididunt do mollit eiusmod exercitation ipsum id laboris esse pariatur officia nulla. Occaecat nulla proident tempor incididunt reprehenderit laborum ullamco nulla labore ea aliquip incididunt duis.,Mon May 27 2019 17:23:07 GMT+0000 (UTC),-42.087944,25.195504
7b65e79e-3f45-48a1-8c9a-9fb5b69808d3,29,blue,William Paul,false,+1 (828) 431-2971,"423 Hewes Street, Freelandville, Rhode Island, 9067",Culpa laborum aute Lorem sit occaecat ipsum elit qui. Elit nostrud exercitation officia et excepteur amet laboris laborum reprehenderit. Officia eiusmod nisi sint aliquip mollit ea voluptate enim sint nulla veniam do. Ea et labore fugiat deserunt consequat do. In ipsum irure excepteur cillum labore labore labore. Lorem eu velit quis exercitation occaecat.,Tue Nov 22 2016 05:31:11 GMT+0000 (UTC),-18.541216,116.294947
99a0a3f3-c3b3-4ca4-a2b5-069b52a1b622,20,blue,Barrett Baird,true,+1 (895) 479-3085,"635 Indiana Place, Sunnyside, Montana, 8918",Esse mollit fugiat consequat commodo fugiat. Qui commodo nostrud aliqua officia mollit cupidatat commodo ut ex consequat proident voluptate magna. Veniam excepteur aliqua quis excepteur ex voluptate aliqua excepteur eiusmod aliquip deserunt sunt ex. Voluptate esse non tempor proident aliquip Lorem ut ullamco dolore duis sint aute. Reprehenderit culpa laboris laborum nulla sint consectetur laborum excepteur sint.,Thu Oct 31 2019 21:10:57 GMT+0000 (UTC),38.018569,53.240894
0370d51c-76fa-4661-8d6a-17b37056694c,23,blue,Sadie Johns,true,+1 (972) 574-3333,"157 Tapscott Avenue, Hardyville, Mississippi, 2862",Aliqua proident nulla occaecat ullamco nostrud culpa. Nulla tempor esse quis sit nostrud. Anim irure duis sunt est voluptate. Laboris quis labore tempor eiusmod ea proident veniam sunt commodo eu.,Wed Aug 29 2018 21:26:48 GMT+0000 (UTC),-31.403171,28.201211
